,sensor1_min,sensor1_max,sensor2_min,sensor2_max,sensor2_mean,sensor3_min,sensor3_max,sensor3_mean
count,82.0,82.0,82.0,82.0,82.0,82.0,82.0,82.0
mean,64.19475609756097,62.58329268292684,10.470365853658537,98.29524390243903,55.40695121951218,10.028902439024389,98.61048780487805,54.189390243902444
std,18.550562550160887,18.324626286245596,0.6327003564420165,0.7788313905068946,2.1464640397952857,1.8519639265995644,0.3579292379166806,2.550052213244665
min,20.0,20.0,9.72,96.0,50.29,5.0,98.0,48.93
25%,52.15,48.3525,10.0,97.97749999999999,53.715,9.477500000000001,98.335,52.612500000000004
50%,66.0,65.63499999999999,10.175,98.46,55.585,10.030000000000001,98.625,53.91
75%,79.61,78.2675,10.790000000000001,99.0,57.1625,11.1425,99.0,55.6775
max,98.0,98.0,12.0,99.18,59.6,13.0,99.12,61.02
